Dependents,ApplicantIncome,CoapplicantIncome,LoanAmount,Loan_Amount_Term,Credit_History,Gender_Male,Married_Yes,Education_Not Graduate,Self_Employed_Yes,Property_Area_Semiurban,Property_Area_Urban,TotalIncome,TotalIncomeByPerson,Cuota,%Cuota,log_ApplicantIncome,log_TotalIncome,Loan_Status
0.0,0.2148641148969068,0.0937432500539995,0.4914196567862714,0.7435897435897436,1.0,1.0,1.0,0.0,0.0,0.0,1.0,0.2084247530153342,0.2720818957561301,0.0948509485094851,0.0671962017168576,0.5617738157080638,0.5727541831760945,0
0.3333333333333333,0.2127619319901765,0.1019991840065279,0.500780031201248,0.7435897435897436,1.0,1.0,1.0,0.0,0.0,0.0,1.0,0.2155524577247106,0.133719526912865,0.096657633242999,0.0664336591577937,0.5592067663293867,0.5812741992665305,0
0.0,0.081375500319531,0.0695994432044543,0.1903276131045242,0.7435897435897436,1.0,1.0,1.0,0.0,0.0,1.0,0.0,0.1070610340020607,0.1533557666368502,0.0367359229147847,0.0448099390576591,0.3331139161860754,0.4137572324392731,0
0.0,0.0380705324408862,0.0394556843545251,0.1419656786271451,0.7435897435897436,1.0,0.0,1.0,1.0,0.0,1.0,0.0,0.0516394933026244,0.0884411693714415,0.0274013851249623,0.05753251712249,0.1988883633997762,0.2677436604721817,0
0.3333333333333333,0.1869050822373935,0.0247678018575851,0.0265210608424337,0.7435897435897436,1.0,1.0,1.0,0.0,0.0,1.0,0.0,0.1226256136735559,0.079297468444293,0.0051189400782896,0.0033361462179059,0.5257828586820024,0.444452723671469,0
0.6666666666666666,0.0116250714742187,0.026063791489668,0.0124804992199688,0.2307692307692308,1.0,1.0,1.0,0.0,0.0,0.0,1.0,0.0228619916358567,0.0095838480214678,0.012646793134598,0.0425989167532489,0.0750556862164639,0.1485182046631092,0
0.3333333333333333,0.3195948673102118,0.0,0.2199687987519501,0.7435897435897436,1.0,0.0,0.0,0.0,1.0,1.0,0.0,0.1741196436147645,0.109454643551845,0.042457091237579,0.0335863499630146,0.6686653266004132,0.527910029205708,0
0.6666666666666666,0.0950396892132781,0.0488396092831257,0.2168486739469579,0.7435897435897436,1.0,1.0,1.0,0.0,0.0,0.0,1.0,0.0939693314746348,0.0373462443147667,0.0418548629930743,0.0571586969085993,0.3658037739957356,0.3852114285434171,0
0.6666666666666666,0.1322062830042703,0.0347277221782225,0.2324492979719189,0.7435897435897436,1.0,1.0,1.0,0.0,0.0,0.0,0.0,0.1011455239711497,0.0401480408721538,0.0448660042155977,0.0578677056115813,0.4405755320793521,0.4011994548103614,0
0.0,0.0445872994517502,0.0979912160702714,0.2355694227769111,0.7435897435897436,1.0,1.0,1.0,0.0,1.0,1.0,0.0,0.1145281532214073,0.1621019153497749,0.0454682324601023,0.0529096760386808,0.2231369358527311,0.4288821620634855,0
0.3333333333333333,0.0511461101207488,0.0605755153958768,0.1856474258970359,0.7435897435897436,1.0,1.0,1.0,1.0,0.0,0.0,1.0,0.0805139705436693,0.0546350328690491,0.0358325805480277,0.0549990375690533,0.2457843884845436,0.352678338157856,0
0.0,0.0897842319464523,0.0732714138286893,0.1248049921996879,0.7435897435897436,1.0,1.0,0.0,0.0,0.0,0.0,0.0,0.1156191284320261,0.1633797617526373,0.0240891297801866,0.0266662019875006,0.353630649530904,0.4310284878117199,0
0.0,0.156717735696746,0.0559915520675834,0.188767550702028,0.7435897435897436,1.0,1.0,1.0,0.0,0.0,0.0,1.0,0.136759803624462,0.1881415853814371,0.0364348087925323,0.035755702460129,0.4816394678655018,0.4698061323834763,0
0.0,0.0500529750092491,0.0269997840017279,0.1825273010920437,0.7435897435897436,1.0,1.0,1.0,0.0,0.0,0.0,1.0,0.0459664222074065,0.0817963680765572,0.035230352303523,0.0795575917080243,0.2421215822312579,0.2477450185953413,0
0.0,0.1137070734250434,0.0425996592027263,0.1903276131045242,0.7435897435897436,1.0,1.0,1.0,0.0,0.0,1.0,0.0,0.0984302078913873,0.1432465817608723,0.0367359229147847,0.0480780091889232,0.4055812787572344,0.3952513203085259,0
1.0,0.3504128687228784,0.0,0.4414976599063962,0.7435897435897436,1.0,1.0,0.0,0.0,1.0,1.0,0.0,0.1918904176010667,0.053435277079695,0.0852152965974104,0.0647850348392934,0.6942465726672462,0.5519884210173389,0
0.3333333333333333,0.1812291883892216,0.0271437828497372,0.2761310452418096,0.7435897435897436,1.0,1.0,1.0,1.0,0.0,0.0,1.0,0.1217528335050609,0.078786329883148,0.053297199638663,0.0592924928240509,0.5179434512479091,0.4428134132724715,0
0.3333333333333333,0.0787267498570508,0.0,0.1341653666146646,0.7435897435897436,1.0,1.0,1.0,0.0,1.0,1.0,0.0,0.0352263773562034,0.0281126208629722,0.0258958145137006,0.068418259269161,0.3263628927531665,0.2057172752360343,0
0.3333333333333333,0.234834852510845,0.0,0.1996879875195008,0.358974358974359,1.0,1.0,1.0,1.0,0.0,0.0,1.0,0.1252439541790411,0.0808308841277278,0.0797952423968684,0.0879544862297887,0.58516661741367,0.4493167257242758,0
0.0,0.048034879418788,0.0,0.095163806552262,0.7435897435897436,1.0,0.0,0.0,1.0,0.0,1.0,0.0,0.0175283350506091,0.0484871718419446,0.0183679614573923,0.0673281778481758,0.2352449832272687,0.1199523863447993,0
0.0,0.0445872994517502,0.0755993952048383,0.1856474258970359,0.7435897435897436,1.0,1.0,1.0,0.0,0.0,1.0,0.0,0.0919086005212437,0.1356078999304283,0.0358325805480277,0.0495475310116145,0.2231369358527311,0.3804555440599606,0
0.0,0.2653165046584347,0.1999904000767993,0.2589703588143525,0.6153846153846154,1.0,1.0,1.0,0.0,0.0,0.0,0.0,0.344845142129826,0.4318694892873876,0.060523938572719,0.0245779200459433,0.6178123841902594,0.7041076375560453,0
0.0,0.2200354848474635,0.0,0.2355694227769111,0.7435897435897436,1.0,1.0,1.0,0.0,0.0,0.0,1.0,0.116710103642645,0.1646576081554997,0.0454682324601023,0.0520665310576508,0.5680007451614641,0.4331593189741443,0
0.0,0.0928954626484132,0.0467996256029951,0.1544461778471139,0.7435897435897436,1.0,1.0,1.0,0.0,0.0,0.0,0.0,0.090672161949209,0.1341596740071843,0.029810298102981,0.0413741351372695,0.3608940684734247,0.3775647911452968,0
0.3333333333333333,0.0500950186673837,0.0335517315861473,0.1185647425897035,0.7435897435897436,1.0,1.0,1.0,0.0,0.0,0.0,1.0,0.0526092490453966,0.0382927972057758,0.0228846732911773,0.0474527036353256,0.2422632533431952,0.2710306230133787,0
0.0,0.2260897716188468,0.0,0.297971918876755,0.7435897435897436,1.0,1.0,0.0,0.0,1.0,0.0,0.0,0.1202012243166252,0.1687467166446593,0.0575127973501957,0.0648830959418594,0.5751370860176266,0.4398764120659781,0
0.0,0.1221158050519647,0.0191998464012287,0.1606864274570983,0.7435897435897436,1.0,1.0,1.0,0.0,0.0,1.0,0.0,0.0796411903751742,0.1212392270449092,0.0310147545919903,0.0478163518195523,0.421973251651579,0.350438921158076,0
0.0,0.2008635767380829,0.0,0.1918876755070203,0.7435897435897436,1.0,1.0,0.0,1.0,1.0,1.0,0.0,0.1056548881750409,0.1517087646064943,0.037037037037037,0.0457044355565085,0.5442673619317588,0.4108202312327793,0
0.3333333333333333,0.1105537990649479,0.0,0.1341653666146646,0.7435897435897436,1.0,0.0,0.0,0.0,0.0,1.0,0.0,0.0535790047881689,0.0388607289403813,0.0258958145137006,0.0530551126478432,0.3992064352784665,0.2742813847907066,0
0.0,0.0572003968921322,0.0513115895072839,0.0764430577223088,0.7435897435897436,1.0,1.0,1.0,0.0,0.0,0.0,0.0,0.0746469482998969,0.1153895301784725,0.0147545919903643,0.0232774033902968,0.2653306607564012,0.3372870409899717,0
0.3333333333333333,0.1945149843597572,0.0,0.0546021840873634,0.7435897435897436,1.0,1.0,1.0,0.0,0.0,0.0,1.0,0.1019940602460755,0.0672147207905609,0.0105389942788316,0.0118939710948688,0.5359950787601404,0.4030339304848565,0
0.0,0.0,0.1271029831761345,0.2480499219968799,0.7435897435897436,1.0,1.0,1.0,0.0,1.0,0.0,0.0,0.1182253469907267,0.1664323948261419,0.047877145438121,0.0543548161426194,0.0,0.4360935173180804,0
0.6666666666666666,0.2758274191920864,0.0,0.2776911076443057,0.7435897435897436,1.0,1.0,1.0,0.0,0.0,0.0,1.0,0.1488817504091157,0.0587856672961243,0.0535983137609153,0.0499998569051498,0.6283252016300387,0.4899398172688398,0
0.0,0.1969955601896991,0.1349989200086399,0.2776911076443057,0.7435897435897436,1.0,1.0,1.0,0.0,0.0,1.0,0.0,0.2397963512940178,0.308827078985106,0.0535983137609153,0.0315697880821476,0.5392533190528539,0.6085405200070064,0
0.6666666666666666,0.1549519020550925,0.0332877336981304,0.2199687987519501,0.7435897435897436,1.0,1.0,1.0,0.0,0.0,1.0,0.0,0.1128068367779865,0.0447009602779079,0.042457091237579,0.0498867273037593,0.4788543495287021,0.4254636752437242,0
0.6666666666666666,0.0873456997746451,0.0335997312021503,0.1622464898595944,0.7435897435897436,1.0,1.0,1.0,0.0,0.0,0.0,1.0,0.0741378265349415,0.0296034416663117,0.0313158687142426,0.0510177790315702,0.3478177115765852,0.3359128028565079,0
0.3333333333333333,0.2073803437489469,0.1349989200086399,0.4773790951638065,0.7435897435897436,1.0,1.0,1.0,0.0,0.0,0.0,1.0,0.2457845930056367,0.1514247987391915,0.0921409214092141,0.0557404321643552,0.5525377341063189,0.614904494359267,0
1.0,0.0690987521442259,0.0499916000671994,0.1341653666146646,0.7435897435897436,1.0,1.0,1.0,0.0,0.0,0.0,0.0,0.080174556033699,0.0207224091664181,0.0258958145137006,0.0394833166840735,0.300521312265988,0.3518094715500584,0
0.3333333333333333,0.2120051461437536,0.0480956152350781,0.37597503900156,0.7435897435897436,1.0,1.0,1.0,0.0,0.0,1.0,0.0,0.160664282683799,0.1015745907341937,0.0725685034628124,0.0642795373669429,0.5582774600818015,0.5082757352957747,0
0.0,0.0621195048938812,0.4799961600307197,0.1466458658346334,0.7435897435897436,1.0,1.0,0.0,0.0,0.0,1.0,0.0,0.5105279107824716,0.6259317630020872,0.0283047274917193,0.0046411172212273,0.2803611489519029,0.8109644529320397,0
0.0,0.0612365880730544,0.0,0.078003120124805,0.7435897435897436,1.0,1.0,0.0,0.0,0.0,0.0,1.0,0.0251409176313716,0.0574037000752509,0.0150557061126166,0.0480563164589477,0.2777158755759519,0.1599281867373791,0
0.0,0.0466474387003459,0.0381836945304437,0.1357254290171607,0.7435897435897436,1.0,1.0,1.0,0.0,0.0,1.0,0.0,0.0553003212315897,0.0927290539677131,0.026196928635953,0.0525413102314436,0.2304283015959449,0.2799647601591193,0
0.0,0.2756172009014134,0.0242398060815513,0.2589703588143525,0.7435897435897436,1.0,1.0,1.0,0.0,0.0,1.0,0.0,0.1732468634462694,0.230878448410501,0.0499849442938873,0.0403259095521705,0.6281183623632964,0.526675309453462,0
0.0,0.1293893579092517,0.0,0.1794071762870515,0.7435897435897436,1.0,0.0,1.0,1.0,0.0,0.0,0.0,0.0644402691072186,0.1034345671650267,0.0346281240590183,0.0626107203087307,0.4354924491975525,0.3084356577351674,0
0.0,0.1623936295449178,0.0,0.0608424336973478,0.7435897435897436,1.0,1.0,0.0,1.0,0.0,0.0,0.0,0.0834717255591248,0.1257258877482926,0.011743450767841,0.0164947665151553,0.4904276953322286,0.3601435525438607,0
0.0,0.1122355453903322,0.0,0.1310452418096724,0.7435897435897436,1.0,0.0,0.0,0.0,0.0,0.0,0.0,0.0545487605309412,0.0918487597790745,0.025293586269196,0.0511950523656325,0.4026224712473145,0.2774967345154873,0
0.3333333333333333,0.1792110927987605,0.0343197254421964,0.2371294851794072,0.7435897435897436,0.0,1.0,1.0,1.0,0.0,1.0,0.0,0.127838050790957,0.0823501015177975,0.0457693465823547,0.0484544030902846,0.515108195157747,0.4540579192924818,0
0.0,0.0836879015169343,0.0727914176686586,0.1341653666146646,0.6153846153846154,1.0,1.0,1.0,0.0,0.0,0.0,1.0,0.1116188859930904,0.1586943249421419,0.031616982836495,0.0368887010128366,0.3388911336930764,0.4230811331733042,0
1.0,0.0866309575863568,0.0,0.3837753510140405,0.7435897435897436,1.0,0.0,0.0,0.0,0.0,0.0,0.0,0.0397842293472331,0.0088952307932586,0.074074074074074,0.1811145545430788,0.3460932973927,0.2242885525018692,0
1.0,0.3248923682351722,0.1199030407756737,0.188767550702028,0.7435897435897436,1.0,1.0,1.0,0.0,0.0,0.0,0.0,0.2982968664767561,0.0845934318694893,0.0364348087925323,0.015662016444019,0.6732138366557083,0.665516168155408,0
0.6666666666666666,0.1246384245400411,0.0338637290901672,0.2308892355694227,0.7435897435897436,1.0,1.0,1.0,1.0,0.0,0.0,0.0,0.0959088429601794,0.038103486627574,0.0445648900933453,0.0599928717344655,0.4267282934927254,0.3896186203257472,0
0.0,0.1805144462009333,0.0,0.1981279251170047,0.7435897435897436,1.0,1.0,0.0,0.0,0.0,0.0,1.0,0.0939208436874962,0.1379648166290412,0.0382414935260463,0.0520839170018127,0.5169422271809325,0.3851004012011589,0
0.6666666666666666,0.2000227035753907,0.0,0.2854914196567862,0.7435897435897436,1.0,1.0,1.0,0.0,0.0,0.0,1.0,0.1051700103036547,0.041719318671229,0.055103884372177,0.0693280123134665,0.5431841518704665,0.4098006579015214,0
0.6666666666666666,0.1132866368436974,0.0,0.1731669266770671,0.7435897435897436,1.0,1.0,1.0,0.0,0.0,1.0,0.0,0.0551548578701739,0.0221919325297099,0.033423667570009,0.0672187181685387,0.4047387500372559,0.2794886855625051,0
0.0,0.125184992095791,0.0599995200038399,0.2043681747269891,0.7435897435897436,1.0,1.0,0.0,0.0,0.0,0.0,0.0,0.1226256136735559,0.1715863753176868,0.0394459500150557,0.0429485796323347,0.4277491174847649,0.444452723671469,0
0.6666666666666666,0.1400684470754418,0.0,0.1981279251170047,0.7435897435897436,1.0,1.0,0.0,0.0,0.0,0.0,0.0,0.0705982180738226,0.0282214744454383,0.0382414935260463,0.0648506745526254,0.4543416534485285,0.3261775036212793,0
0.3333333333333333,0.3580227708452422,0.0,0.2776911076443057,0.7435897435897436,1.0,1.0,1.0,0.0,0.0,0.0,1.0,0.1962785623371113,0.1224318836875807,0.0535983137609153,0.0385834346980213,0.7002546536826024,0.5576435375955469,0
1.0,0.3565932864686656,0.0,0.4149765990639625,0.7435897435897436,1.0,1.0,1.0,0.0,0.0,0.0,0.0,0.1954542699557548,0.0544788516420326,0.0800963565191207,0.0596548467298348,0.6991348094054781,0.5565894822456956,0
0.0,0.0656091285190535,0.0507595939232486,0.1731669266770671,0.7435897435897436,1.0,1.0,1.0,0.0,0.0,0.0,1.0,0.0789381174616643,0.1204157260297312,0.033423667570009,0.051992757367385,0.2906032110242886,0.3486225081278711,0
0.0,0.0862946083212799,0.0579835361317109,0.202808112324493,0.7435897435897436,1.0,1.0,1.0,0.0,0.0,0.0,0.0,0.0981635250621249,0.1429342193068393,0.0391448358928033,0.0514763643756761,0.3452785155093454,0.394660611834281,0
0.0,0.1964489926339492,0.1000071999424004,0.2589703588143525,0.7435897435897436,1.0,1.0,1.0,0.0,0.0,1.0,0.0,0.2041335838535668,0.2670556999048714,0.0499849442938873,0.0343803809842181,0.5385383039202796,0.5675036136019891,0
0.3333333333333333,0.0253313040261004,0.0432716538267693,0.1357254290171607,0.7435897435897436,1.0,1.0,1.0,0.0,0.0,0.0,1.0,0.0481483726286441,0.0356803112265905,0.026196928635953,0.0575531759555729,0.145272364672893,0.2555979667719859,0
0.6666666666666666,0.0424010292287507,0.0391676866585067,0.1622464898595944,1.0000000000000002,1.0,0.0,1.0,0.0,0.0,1.0,0.0,0.0538456876174313,0.0216807939685649,0.0228093947606142,0.0465585320574538,0.2152091300508374,0.2751691033122045,0
0.6666666666666666,0.2387028690592288,0.0419996640026879,0.344773790951638,0.6153846153846154,1.0,1.0,1.0,0.0,0.0,1.0,0.0,0.169901206133705,0.0669922808611738,0.080397470641373,0.0680738747804879,0.5895024526551578,0.5218937829339763,0
0.0,0.169330833137128,0.0,0.1700468018720749,0.7435897435897436,1.0,1.0,0.0,0.0,0.0,1.0,0.0,0.0874719679980604,0.130411324558788,0.0328214393255043,0.0470770250116394,0.5008447951186197,0.3699486656154551,0
0.0,0.0595548417476702,0.0799913600691194,0.187207488299532,0.7435897435897436,1.0,1.0,1.0,0.0,0.0,0.0,0.0,0.1049760591551003,0.1509136601780466,0.03613369467028,0.0447798798968709,0.2726146813334265,0.4093918404041563,0
1.0,0.2555203323130714,0.0,0.1809672386895476,0.1025641025641025,1.0,1.0,1.0,1.0,1.0,0.0,1.0,0.1371719498151403,0.0374125030171373,0.2231255645889792,0.2328866251986777,0.607686618848922,0.4705137157668959,0
0.0,0.1121935017321976,0.0,0.1575663026521061,0.7435897435897436,1.0,1.0,0.0,1.0,0.0,0.0,0.0,0.0545245166373719,0.0918203631923443,0.0304125263474856,0.0616131383948643,0.4025375223097938,0.2774167761820951,0
0.0,0.156717735696746,0.0,0.1326053042121685,0.7435897435897436,1.0,1.0,0.0,0.0,0.0,1.0,0.0,0.0801987999272683,0.1218923485397055,0.0255947003914483,0.0389983092641368,0.4816394678655018,0.3518716183417214,0
0.3333333333333333,0.0971418721200084,0.0779993760049919,0.2324492979719189,0.7435897435897436,1.0,1.0,1.0,0.0,0.0,0.0,1.0,0.1246378568398084,0.0804759267935994,0.0448660042155977,0.0485109641810693,0.3705437221719672,0.4481979078207216,0
0.6666666666666666,0.0964271299317201,0.0839993280053759,0.1232449297971919,0.7435897435897436,1.0,1.0,1.0,0.0,1.0,0.0,1.0,0.130286684041457,0.051525606622084,0.0237880156579343,0.0234621074663125,0.3689401653566668,0.4584644433430274,0
1.0,0.0904148868184714,0.0,0.1014040561622464,0.7435897435897436,1.0,1.0,1.0,1.0,0.0,1.0,0.0,0.0419661797684708,0.0095341539946898,0.0195724179464016,0.0469763835839403,0.3551166213571104,0.232781771686374,0
0.3333333333333333,0.3704256499949512,0.0439916480668154,0.2698907956318253,0.358974358974359,1.0,1.0,1.0,0.0,1.0,0.0,1.0,0.2478695678525971,0.1526458519685933,0.1068955133995784,0.0647741927566612,0.7098066549055235,0.6170884750698322,0
0.6666666666666666,0.1209806262823304,0.0,0.126365054602184,0.7435897435897436,1.0,1.0,1.0,0.0,0.0,1.0,0.0,0.0595914903933571,0.0239241243202567,0.024390243902439,0.0464233544932495,0.4198097313730065,0.2936742726382837,0
0.0,0.125184992095791,0.0545995632034943,0.2106084243369735,0.7435897435897436,1.0,0.0,0.0,0.0,0.0,1.0,0.0,0.1171707376204618,0.1651971433033749,0.040650406504065,0.0461326362777945,0.4277491174847649,0.4340544050534713,0
0.6666666666666666,0.2065394705862547,0.0,0.1934477379095164,0.7435897435897436,1.0,1.0,1.0,0.0,0.0,1.0,0.0,0.1089278138068973,0.0431864756522932,0.0373381511592893,0.0449157647262983,0.5514827659088515,0.4176117426230279,0
0.0,0.080408496182435,0.0,0.1388455538221528,0.7435897435897436,1.0,1.0,0.0,0.0,0.0,1.0,0.0,0.0361961330989757,0.0703525436242563,0.0267991568804576,0.0697167771128402,0.3306660683514861,0.2097676466612532,0
0.0,0.1181637011873117,0.0,0.1575663026521061,0.7435897435897436,1.0,1.0,0.0,1.0,0.0,0.0,0.0,0.0579671495242135,0.0958526785080433,0.0304125263474856,0.0591194729193157,0.4143756207243894,0.2885594066539094,0
0.3333333333333333,0.1752589889341074,0.0,0.1918876755070203,0.7435897435897436,1.0,0.0,0.0,1.0,0.0,1.0,0.0,0.0908903569913328,0.0607119024293279,0.037037037037037,0.0517349203806236,0.5094804446369618,0.3780769855615329,0
0.0,0.0517347213346333,0.0487916096671226,0.1575663026521061,0.7435897435897436,1.0,1.0,1.0,1.0,0.0,0.0,0.0,0.0689496333111097,0.1087163322968579,0.0304125263474856,0.0522686943782695,0.2477390902780167,0.3215312732784219,0
0.6666666666666666,0.1672286502303976,0.0880072959416324,0.3541341653666147,0.7435897435897436,1.0,1.0,1.0,0.0,0.0,1.0,0.0,0.1751621310382447,0.0690463006346637,0.0683529057512797,0.0558028811888883,0.4977244808073626,0.5293780960796539,0
0.0,0.0663238707073418,0.0839993280053759,0.1653666146645866,0.7435897435897436,1.0,1.0,1.0,0.0,0.0,0.0,1.0,0.112928056245833,0.1602277406255768,0.0319180969587473,0.0368819645063113,0.2926603332057547,0.4257057139501214,0
0.6666666666666666,0.1254372540445987,0.0366237070103439,0.2480499219968799,0.7435897435897436,1.0,1.0,1.0,0.0,0.0,0.0,1.0,0.0991575246984665,0.0393718675015263,0.047877145438121,0.062892732087824,0.4282191485509381,0.3968563606197239,0
0.3333333333333333,0.10819935420941,0.0,0.1419656786271451,0.4871794871794872,1.0,1.0,0.0,1.0,0.0,0.0,1.0,0.0522213467482877,0.0380656245119336,0.042457091237579,0.0885148986927625,0.3943605927009819,0.2697202271389907,0
0.6666666666666666,0.0491700581884223,0.0418076655386756,0.0561622464898595,0.7435897435897436,1.0,1.0,1.0,1.0,0.0,1.0,0.0,0.0604157827747136,0.0242459523031998,0.010840108401084,0.0201373097904471,0.239131607698003,0.2962363643749497,0
0.0,0.2597246981265321,0.0,0.1731669266770671,0.7435897435897436,1.0,0.0,0.0,0.0,0.0,0.0,0.0,0.139596339172071,0.1914639860288793,0.033423667570009,0.0319451259061045,0.6120725504966713,0.4746419814658238,0
0.0,0.0656091285190535,0.0520075839393284,0.1482059282371295,0.7435897435897436,1.0,1.0,0.0,1.0,1.0,0.0,0.0,0.0801987999272683,0.1218923485397055,0.0286058416139717,0.0437532643369676,0.2906032110242886,0.3518716183417214,0
0.0,0.0435362079983851,0.0512155902752778,0.1232449297971919,0.7435897435897436,1.0,1.0,1.0,0.0,0.0,0.0,1.0,0.0666707073155948,0.106047053144212,0.0237880156579343,0.0417151671817046,0.2193504976628828,0.314985682688309,0
0.3333333333333333,0.0617411119706697,0.0492956056351549,0.1482059282371295,0.7435897435897436,1.0,1.0,1.0,0.0,0.0,1.0,0.0,0.0752288017455603,0.0515398049154491,0.0286058416139717,0.0459837515130458,0.2792301916016551,0.3388498040630008,0
0.0,0.2572861659547249,0.0,0.2012480499219968,0.7435897435897436,1.0,0.0,1.0,1.0,1.0,0.0,0.0,0.1381901933450512,0.1898169839985233,0.038843721770551,0.037943191258057,0.6095361871989398,0.4722546251541,0
0.0,0.0831413339611844,0.0,0.0889235569422776,0.7435897435897436,1.0,1.0,1.0,0.0,1.0,0.0,1.0,0.0377719861809806,0.0721983217617242,0.017163504968383,0.0439910120906091,0.3375351837965574,0.2162332133757769,0
0.0,0.3388929063939963,0.0,0.3416536661466458,0.7435897435897436,1.0,1.0,1.0,0.0,0.0,1.0,0.0,0.1852475907630765,0.2449347588419871,0.065943992773261,0.0509968361030961,0.6849266474212174,0.5432160253669194,0
0.6666666666666666,0.1985932191988141,0.0,0.2106084243369735,0.1538461538461538,1.0,1.0,1.0,0.0,1.0,0.0,0.0,0.1043457179222983,0.0413974906882859,0.1831204026325977,0.2368845919407419,0.5413340639027844,0.4080592594232981,0
0.0,0.37589132555245,0.0,0.266770670826833,0.7435897435897436,1.0,1.0,1.0,0.0,1.0,0.0,0.0,0.2065822171040669,0.2699237551646292,0.051490514905149,0.035107579088012,0.7139253815331581,0.5705111336726056,0
0.3333333333333333,0.6577520096868525,0.0539995680034559,0.1201248049921997,0.7435897435897436,1.0,1.0,1.0,0.0,1.0,1.0,0.0,0.4236620401236438,0.2555976771592054,0.0231857874134296,0.0045697399701358,0.8752833813909286,0.7597666027121521,0
0.3333333333333333,0.1041631630284877,0.0259917920656634,0.1965678627145086,0.7435897435897436,1.0,1.0,1.0,1.0,0.0,0.0,1.0,0.076150069701194,0.0520793400633243,0.037940379403794,0.0608327143517888,0.3858751414776509,0.3413073807196269,0
0.6666666666666666,0.3489833843463018,0.1889504883960928,0.5787831513260531,0.6153846153846154,1.0,1.0,1.0,0.0,1.0,0.0,0.0,0.3819382992908661,0.1497777967088356,0.1345980126467931,0.0541949200405153,0.6931050268636154,0.7316124151389274,0
0.3333333333333333,0.1020609801217574,0.0498956008351933,0.2386895475819032,0.7435897435897436,1.0,1.0,1.0,0.0,1.0,1.0,0.0,0.0990847930177586,0.0655109255867444,0.046070460704607,0.0604789413560383,0.3813629916752741,0.3966962487709851,0
0.0,0.5309062930947445,0.0,0.1825273010920437,0.7435897435897436,1.0,1.0,1.0,0.0,0.0,0.0,1.0,0.2959694526941026,0.3746219704391532,0.035230352303523,0.0151503807450163,0.812662419076811,0.6634475399010022,0
0.0,0.0624138105008234,0.0,0.0733229329173167,0.7435897435897436,1.0,0.0,0.0,0.0,0.0,0.0,0.0,0.0258197466513122,0.0581988045036986,0.0141523637458596,0.0447531894723471,0.281237971175476,0.1632433652717551,0
0.6666666666666666,0.1496964447882667,0.0499916000671994,0.2355694227769111,0.7435897435897436,1.0,1.0,1.0,0.0,1.0,1.0,0.0,0.1266501000060609,0.0501057772855702,0.0454682324601023,0.0485136406007005,0.4704158627246984,0.4518961663953269,0
0.3333333333333333,0.1027336786519111,0.0290397676818585,0.188767550702028,0.7435897435897436,1.0,1.0,1.0,0.0,1.0,0.0,0.0,0.0784047518031395,0.0533997813462821,0.0364348087925323,0.0570943910635524,0.3828139555175016,0.3472370445024171,0
0.6666666666666666,0.2319758837576918,0.0,0.3057722308892355,0.7435897435897436,1.0,1.0,1.0,0.0,0.0,1.0,0.0,0.1235953694163282,0.0489131206428987,0.0590183679614573,0.0650989410928146,0.5819228933194709,0.4462635648475572,0
0.6666666666666666,0.0866309575863568,0.05203158374733,0.1825273010920437,0.7435897435897436,1.0,1.0,1.0,1.0,0.0,0.0,1.0,0.0923449906054912,0.0367120538777905,0.035230352303523,0.0484978963307981,0.3460932973927,0.3814690878537203,0
0.0,0.1040370320540839,0.0471356229150166,0.1669266770670827,0.7435897435897436,1.0,1.0,1.0,0.0,0.0,0.0,0.0,0.0974362082550457,0.142082321704931,0.0322192110809997,0.042277930904372,0.3856062356435896,0.3930435541781745,0
0.6666666666666666,0.1192568362988115,0.0,0.1357254290171607,0.7435897435897436,1.0,1.0,1.0,0.0,0.0,1.0,0.0,0.0585974907570155,0.0235360376349429,0.026196928635953,0.0504888140674994,0.4164955752423345,0.290554817486226,0
0.0,0.1303984057044823,0.0,0.1653666146645866,0.7435897435897436,1.0,0.0,0.0,0.0,0.0,1.0,0.0,0.0650221225528819,0.1041160852465533,0.0319180969587473,0.0572841323684172,0.437322740391096,0.3101584224657197,0
0.0,0.1307767986276937,0.0,0.1762870514820592,0.7435897435897436,1.0,1.0,0.0,0.0,0.0,1.0,0.0,0.0652403175950057,0.1043716545271258,0.0340258958145137,0.0609723452912487,0.4380063548094428,0.3108018757115092,0
0.0,0.0800721469173582,0.057719538243694,0.1591263650546022,0.7435897435897436,1.0,1.0,0.0,1.0,0.0,1.0,0.0,0.0943087459846051,0.1384191620167255,0.030713640469738,0.0413206749806908,0.3298101442419749,0.3859874527655886,0
0.0,0.2197832228986558,0.0,0.1856474258970359,0.7435897435897436,1.0,1.0,1.0,0.0,0.0,1.0,0.0,0.1165646402812291,0.164487228635118,0.0358325805480277,0.0405579345280253,0.5676998441299599,0.4328760953612618,0
0.3333333333333333,0.0696453196999757,0.0312477500179998,0.1326053042121685,0.7435897435897436,1.0,1.0,0.0,1.0,0.0,1.0,0.0,0.061555245772471,0.0435319674575116,0.0255947003914483,0.0476322374830428,0.3020467248200464,0.299741853647832,0
0.0,0.0589662305337857,0.0561595507235942,0.2090483619344774,0.7435897435897436,1.0,1.0,1.0,0.0,0.0,1.0,0.0,0.0805624583308079,0.1223182973406596,0.0403492923818127,0.0620835413008351,0.2708094765073805,0.3528022534350379,0
0.0,0.1382185261175191,0.0,0.188767550702028,0.7435897435897436,1.0,1.0,1.0,0.0,0.0,1.0,0.0,0.0695314867567731,0.1093978503783845,0.0364348087925323,0.0624266679478107,0.4511565115593523,0.3231794833456893,0
0.0,0.2029237159866786,0.0,0.1825273010920437,0.7435897435897436,1.0,1.0,0.0,0.0,0.0,0.0,1.0,0.1068428389599369,0.1531001973562777,0.035230352303523,0.0429568967545868,0.5469055200006907,0.4133034020477897,0
1.0,0.139185530254615,0.0434636522907816,0.2355694227769111,0.7435897435897436,0.0,1.0,1.0,0.0,0.0,0.0,1.0,0.1139947875628825,0.0306257187886016,0.0454682324601023,0.0531195352148041,0.4528255070578919,0.4278271396421096,0
0.0,0.1145899902458702,0.040031679746562,0.1575663026521061,0.7435897435897436,1.0,1.0,0.0,1.0,0.0,1.0,0.0,0.0963452330444269,0.1408044753020687,0.0304125263474856,0.040174405611176,0.4073432550367992,0.3906012347613181,0
0.0,0.0901626248696638,0.0547915616675066,0.2262090483619344,0.7435897435897436,1.0,0.0,1.0,0.0,0.0,1.0,0.0,0.0971695254257833,0.141769959250898,0.0436615477265883,0.0581228258139443,0.3545230773295564,0.3924484063191267,0
0.0,0.0614047627055928,0.0591835265317877,0.126365054602184,0.358974358974359,0.0,1.0,1.0,0.0,0.0,0.0,0.0,0.0850233347475604,0.1275432692990302,0.051490514905149,0.076449369228958,0.2782214605318027,0.3639855095514441,0
0.3333333333333333,0.0779279203524932,0.0374397004823961,0.126365054602184,0.7435897435897436,1.0,0.0,0.0,0.0,0.0,0.0,1.0,0.0725862173465058,0.0499921909386491,0.024390243902439,0.0401255208860008,0.3242980123006593,0.3316847458051066,0
0.0,0.0761200430527052,0.0445676434588523,0.1825273010920437,0.7435897435897436,1.0,1.0,0.0,0.0,0.0,0.0,0.0,0.0787441663131098,0.120188553335889,0.035230352303523,0.0549806358671442,0.3195740389112558,0.3481194552819255,0
0.0,0.1330891998250971,0.0,0.1653666146645866,0.358974358974359,1.0,1.0,1.0,1.0,0.0,1.0,0.0,0.0665737317413176,0.1059334667972909,0.0665462210177657,0.1183415696183916,0.442151925349842,0.3147039011051786,0
0.0,0.1227044162658492,0.056063551491588,0.1950078003120125,0.7435897435897436,1.0,1.0,1.0,0.0,0.0,1.0,0.0,0.1172192254076004,0.1652539364768354,0.0376392652815417,0.0425179001928267,0.4230892279216611,0.43414846693633,0
0.3333333333333333,0.0896581009720485,0.0426956584347325,0.2043681747269891,0.7435897435897436,1.0,1.0,1.0,0.0,0.0,1.0,0.0,0.0846596763440208,0.0570629410344876,0.0394459500150557,0.0583885804533108,0.3533326083227197,0.3630895273216774,0
1.0,0.1784122632942029,0.0425756593947248,0.2776911076443057,0.7435897435897436,1.0,1.0,1.0,0.0,1.0,1.0,0.0,0.1357173162009818,0.0369865542161832,0.0535983137609153,0.0542958912875096,0.5139787861049068,0.4680087543174189,0
1.0,0.1296416198580594,0.0,0.0483619344773791,0.358974358974359,1.0,1.0,1.0,0.0,0.0,0.0,0.0,0.0645857324686344,0.0161576578495264,0.0213791026799156,0.0383076479866316,0.4359510244695319,0.3088672924977982,0
0.6666666666666666,0.0895740136557792,0.0374397004823961,0.1950078003120125,0.7435897435897436,1.0,1.0,1.0,0.0,0.0,0.0,1.0,0.0793017758652039,0.0316195993241612,0.0376392652815417,0.0585183431614666,0.3531337566984671,0.3495634275918946,0
0.0,0.1606277959032644,0.0913432692538459,0.2215288611544462,0.7435897435897436,1.0,1.0,0.0,0.0,0.0,1.0,0.0,0.1747257409539972,0.2326106402010478,0.0427582053598313,0.0337339379153799,0.4877198787459655,0.5287644447444619,0
0.0,0.0621195048938812,0.0911032711738306,0.1731669266770671,0.7435897435897436,1.0,1.0,1.0,0.0,0.0,0.0,1.0,0.1176798593854172,0.1657934716247107,0.033423667570009,0.0373500859555368,0.2803611489519029,0.4350405629836311,0
0.0,0.0933999865460285,0.0,0.1107644305772231,0.7435897435897436,1.0,0.0,0.0,0.0,0.0,0.0,1.0,0.0436874962118916,0.0791270889239113,0.0213791026799156,0.0500009586965342,0.3620562279293309,0.2393136882954376,0
0.3333333333333333,0.0393318421849244,0.0584635322917416,0.1903276131045242,0.7435897435897436,1.0,1.0,1.0,1.0,0.0,0.0,0.0,0.0715679738165949,0.0493958626173134,0.0367359229147847,0.0616383450084978,0.203730286678148,0.3288768016825676,0
0.6666666666666666,0.0862105210050107,0.1945424436604507,0.297971918876755,0.7435897435897436,1.0,1.0,1.0,0.0,0.0,0.0,1.0,0.2360627916843444,0.092823709256814,0.0575127973501957,0.0347097047362431,0.3450744888261958,0.6045021136722126,0
0.6666666666666666,0.2911733544112178,0.1719826241390069,0.734789391575663,0.7435897435897436,1.0,1.0,1.0,0.0,1.0,0.0,0.0,0.3314625128795684,0.1300705655180247,0.1418247515808491,0.0660318994110359,0.6430674674193408,0.6935196450103853,0
0.0,0.0819220678752809,0.0669834641322869,0.2106084243369735,0.7435897435897436,1.0,1.0,0.0,0.0,0.0,1.0,0.0,0.1047336202194072,0.1506296943107438,0.040650406504065,0.0507472239401011,0.3344890767680071,0.4088800209835384,0
0.6666666666666666,0.3649599744374524,0.0,0.1606864274570983,0.7435897435897436,1.0,1.0,1.0,0.0,0.0,0.0,1.0,0.200278804776047,0.0788525885855187,0.0310147545919903,0.0203723911564209,0.7056331115124612,0.5627060202686476,0
0.0,0.1327528505600202,0.0553435572515419,0.2698907956318253,0.7435897435897436,1.0,0.0,1.0,0.0,0.0,1.0,0.0,0.1222861991635856,0.1711888231034629,0.0520927431496537,0.057679139233894,0.4415523286070564,0.4438162954866973,0
0.0,0.1952717702061802,0.0640074879400964,0.266770670826833,0.7435897435897436,1.0,1.0,1.0,0.0,0.0,0.0,0.0,0.1670889144796654,0.2236657153810112,0.051490514905149,0.0430836680718519,0.5369927116299906,0.517813727792539,0
0.0,0.1128662002623513,0.0759833921328629,0.2698907956318253,0.7435897435897436,1.0,1.0,1.0,0.0,0.0,0.0,0.0,0.1316685859749075,0.1821783021680794,0.0520927431496537,0.0541105292001038,0.4038939515712161,0.4609225585937926,0
0.6666666666666666,0.1115208032020439,0.0058079535363717,0.1544461778471139,0.7435897435897436,1.0,1.0,1.0,1.0,0.0,1.0,0.0,0.0600036365840353,0.0240850383117282,0.029810298102981,0.056576226150939,0.4011752003151918,0.2949580984208535,0
0.0,0.0918864148531826,0.0735834113327093,0.2542901716068643,0.7435897435897436,1.0,1.0,1.0,0.0,0.0,0.0,1.0,0.1171464937268925,0.1651687467166446,0.0490816019271303,0.0562207353172187,0.3585567483291068,0.4340073628689889,0
0.0,0.0904148868184714,0.0725034199726402,0.1996879875195008,0.7435897435897436,1.0,1.0,1.0,0.0,0.0,0.0,1.0,0.1152069822413479,0.1628970197782226,0.0385426076482987,0.044257931347765,0.3551166213571104,0.430219486876334,0
0.0,0.0550982139854019,0.0580075359397124,0.1981279251170047,0.7435897435897436,1.0,1.0,1.0,0.0,0.0,0.0,1.0,0.0801987999272683,0.1218923485397055,0.0382414935260463,0.0589691205700261,0.2586809416815008,0.3518716183417214,0
0.0,0.2232728465238282,0.1099911200710394,0.3900156006240249,0.7435897435897436,1.0,1.0,1.0,0.0,0.0,1.0,0.0,0.2296866476756167,0.2969857023185813,0.0752785305630834,0.0478908070499385,0.5718368964351002,0.5974749696597437,0
0.0,0.7207334095724931,0.0,0.1809672386895476,0.7435897435897436,1.0,0.0,0.0,1.0,1.0,0.0,1.0,0.4054306321595248,0.502832559526345,0.0349292381812707,0.0098440083452488,0.902272716388178,0.747793386205077,0
0.0,0.0796517103360121,0.0,0.1170046801872075,0.7435897435897436,1.0,0.0,0.0,0.0,0.0,1.0,0.0,0.0357597430147281,0.0698414050631114,0.022583559168925,0.0593420837927425,0.328736943328189,0.2079518544186389,0
0.0,0.0931056809390862,0.0,0.0327613104524181,0.7435897435897436,1.0,0.0,0.0,0.0,0.0,0.0,1.0,0.0435177889569064,0.0789283128167994,0.006323396567299,0.0152341102597371,0.3613788251025558,0.2386760817208872,0
0.0,1.0,0.0,0.750390015600624,0.358974358974359,1.0,1.0,1.0,0.0,0.0,0.0,1.0,0.5664658464149398,0.6914512075648572,0.2923818127070159,0.0835267414114201,1.0,0.8397793598102763,0
0.3333333333333333,0.2967231172849859,0.0539995680034559,0.266770670826833,0.7435897435897436,1.0,1.0,1.0,0.0,0.0,0.0,1.0,0.2154797260440026,0.1336769320327696,0.051490514905149,0.0336578456866941,0.6482327636514817,0.5811884906507481,0
0.0,0.4256289731256896,0.0,0.1981279251170047,0.7435897435897436,1.0,1.0,1.0,0.0,0.0,0.0,1.0,0.2352627431965573,0.3035169172665445,0.0382414935260463,0.0218605058218447,0.7491108382668132,0.6036295052754088,0
0.3333333333333333,0.117280784366485,0.0,0.1606864274570983,0.7435897435897436,1.0,0.0,0.0,0.0,0.0,0.0,0.0,0.0574580277592581,0.0411324558788033,0.0310147545919903,0.0606615452926958,0.4126528252808508,0.2869378224827383,0
0.0,0.1092084020046405,0.0,0.0249609984399376,0.2307692307692308,1.0,1.0,0.0,1.0,0.0,1.0,0.0,0.0528032001939511,0.0898042055344947,0.019873532068654,0.0410960062948856,0.3964465582702234,0.2716836458149436,0
0.6666666666666666,0.098150919915239,0.0686154510763913,0.2106084243369735,0.7435897435897436,1.0,1.0,1.0,1.0,0.0,0.0,1.0,0.1157403478998727,0.045846289276029,0.040650406504065,0.0466245962805612,0.3727936977502306,0.4312660078904513,0
1.0,0.0871354814839721,0.0,0.1622464898595944,0.7435897435897436,1.0,1.0,1.0,1.0,0.0,0.0,0.0,0.0400751560700648,0.0089804205534494,0.0313158687142426,0.0767644823175541,0.3473115145321443,0.2254352014773943,0
0.0,0.0416862870404624,0.0462956296349629,0.1014040561622464,0.7435897435897436,1.0,1.0,0.0,0.0,0.0,0.0,1.0,0.0606339778168373,0.0989763030483736,0.0195724179464016,0.0366899311255589,0.2125732613718471,0.2969108589361262,0
0.0,0.6195763681006298,0.0,0.0717628705148206,0.7435897435897436,1.0,0.0,0.0,0.0,1.0,1.0,0.0,0.3470998242317716,0.4345103718533032,0.0138512496236073,0.0021844145719574,0.857716412203728,0.7058546883391288,0
0.0,0.0326889441996566,0.0704154366765065,0.1310452418096724,0.7435897435897436,0.0,1.0,1.0,1.0,0.0,0.0,1.0,0.0798108976301593,0.1214380031520211,0.025293586269196,0.0386722724207399,0.1773458867857531,0.350875696061026,1
0.0,0.1560870808247269,0.0,0.2012480499219968,0.7435897435897436,1.0,1.0,1.0,1.0,1.0,0.0,1.0,0.0798351415237287,0.1214663997387514,0.038843721770551,0.0601279839605323,0.4806476199086291,0.3509380397482178,1
0.6666666666666666,0.2253750294305585,0.0239998080015359,0.2776911076443057,0.7435897435897436,1.0,1.0,1.0,1.0,1.0,0.0,0.0,0.1440329716952542,0.056892561514106,0.0535983137609153,0.051508677853968,0.5743030069815953,0.4820503676179219,1
0.3333333333333333,0.727796744139107,0.0,0.765990639625585,0.7435897435897436,1.0,1.0,1.0,0.0,0.0,0.0,1.0,0.4095036062791684,0.2473058738339651,0.1478470340258958,0.0559011331939556,0.9051596320677464,0.7505107005484897,1
0.0,0.0503893242743259,0.0,0.0795631825273011,0.7435897435897436,0.0,1.0,1.0,0.0,0.0,0.0,1.0,0.0188859930904903,0.05007738069884,0.015356820234869,0.0553175891102241,0.2432531630746073,0.1274900993849872,1
0.0,0.0579151390804205,0.0911992704058367,0.1825273010920437,0.358974358974359,1.0,1.0,1.0,1.0,0.0,0.0,1.0,0.1153524456027637,0.1630673992986043,0.073170731707317,0.0861030416146637,0.2675598204739602,0.430505269876789,1
1.0,0.156927953987419,0.0,0.1341653666146646,0.7435897435897436,0.0,1.0,1.0,1.0,0.0,1.0,0.0,0.0803200193951148,0.0207650040465136,0.0258958145137006,0.0394263052202192,0.4819693879390043,0.3521821561777427,1
0.0,0.2211706636170978,0.1059831521347829,0.31201248049922,0.7435897435897436,0.0,1.0,0.0,0.0,0.0,0.0,0.0,0.224425722771077,0.2908236429981116,0.0602228244504667,0.0384225059374372,0.5693512382009942,0.5915482322705827,1
0.0,0.1721057145740119,0.0348237214102287,0.2433697347893915,0.7435897435897436,0.0,1.0,1.0,0.0,0.0,0.0,1.0,0.1242499545426995,0.1734889466286152,0.046973803071364,0.051050567247734,0.5049166355384047,0.4474796323370529,1
0.0,0.1229987218727915,0.0415916672666618,0.2184087363494539,0.7435897435897436,0.0,1.0,1.0,0.0,0.0,0.0,0.0,0.1027698648402933,0.1483295707855915,0.0421559771153267,0.0535398842427203,0.4236457302876548,0.4047012461184729,1
1.0,0.0339502539436948,0.0,0.1825273010920437,0.7435897435897436,0.0,0.0,0.0,1.0,0.0,0.0,1.0,0.0094066307048912,0.0,0.035230352303523,0.1498121474860424,0.1825292940708514,0.0703336533553202,1
0.0,0.0663238707073418,0.0458636330909352,0.1669266770670827,0.7435897435897436,0.0,1.0,1.0,1.0,0.0,1.0,0.0,0.0744045093642039,0.1151055643111698,0.0322192110809997,0.0523815419348757,0.2926603332057547,0.3366334397797845,1
0.0,0.3423825300191686,0.0,0.3666146645865834,0.7435897435897436,1.0,1.0,0.0,0.0,0.0,0.0,1.0,0.187259833929329,0.2472916755406,0.0707618187292984,0.0544260271218674,0.6877791945801568,0.5459009902812424,1
0.0,0.3248923682351722,0.1000071999424004,0.4664586583463338,0.7435897435897436,1.0,1.0,0.0,0.0,0.0,0.0,0.0,0.2781986787078004,0.3538072723658616,0.0900331225534477,0.0481571103172486,0.6732138366557083,0.6471557689558844,1
0.3333333333333333,0.1496964447882667,0.0361917104663162,0.1856474258970359,0.7435897435897436,1.0,1.0,1.0,0.0,0.0,0.0,0.0,0.1127098612037093,0.0734903664579517,0.0358325805480277,0.041765410520278,0.4704158627246984,0.4252699012758838,1
0.3333333333333333,0.4405124281053403,0.0,0.4321372854914196,0.7435897435897436,0.0,0.0,1.0,0.0,1.0,0.0,1.0,0.2438450815200921,0.1502889352699805,0.0834086118638964,0.0504722225920546,0.7589156205415377,0.6128582734371228,1
0.0,0.5743373919477931,0.0503995968032255,0.4602184087363494,0.7435897435897436,1.0,1.0,1.0,0.0,0.0,0.0,0.0,0.3719255712467422,0.4635884766651049,0.0888286660644384,0.0352131009721727,0.8355390002197738,0.7244368279588196,1
0.6666666666666666,0.1689944838720511,0.0499916000671994,0.2745709828393136,0.7435897435897436,1.0,1.0,1.0,0.0,0.0,0.0,0.0,0.1377780471543729,0.0544504550553023,0.0529960855164107,0.0529461774777738,0.500347626562736,0.4715512078224524,1
0.0,0.1396480104940957,0.0176638586891304,0.1216848673946958,0.7435897435897436,1.0,1.0,1.0,1.0,1.0,1.0,0.0,0.0881992848051397,0.1312632221606962,0.023486901535682,0.0329825422851834,0.4536205931148771,0.3716969403370753,1
0.3333333333333333,0.1542792035249388,0.0,0.1513260530421216,0.7435897435897436,1.0,1.0,0.0,0.0,1.0,0.0,0.0,0.0787926541002485,0.0536269540401243,0.0292080698584763,0.0453273044518697,0.4777868114732571,0.3482452988932594,1
0.6666666666666666,0.0984872691803159,0.0460076319389444,0.1606864274570983,0.7435897435897436,0.0,1.0,1.0,1.0,0.0,0.0,0.0,0.0930965513061397,0.0370054852740034,0.0310147545919903,0.0421933654066001,0.3735401164327507,0.3832065184400708,1
0.0,0.0569901786014592,0.0,0.0,0.7435897435897436,1.0,0.0,0.0,0.0,0.0,0.0,1.0,0.0226922843808715,0.0545356448154931,0.0,0.00284985308346,0.2646719984664898,0.1476506149973691,1
0.0,0.0271391813258885,0.093359253125975,0.2995319812792512,0.7435897435897436,0.0,1.0,1.0,1.0,0.0,1.0,0.0,0.0997878659312685,0.1448367906177677,0.057813911472448,0.0759820726335971,0.1534625216904093,0.3982403705195096,1
0.3333333333333333,0.1321642393461357,0.0808553531571747,0.2995319812792512,0.7435897435897436,1.0,1.0,1.0,0.0,0.0,0.0,1.0,0.1477180435177889,0.0939927020772103,0.057813911472448,0.0545511457239892,0.4405002677081904,0.4880654920231571,1
0.0,0.0682158353233991,0.0825593395252838,0.1731669266770671,0.7435897435897436,0.0,0.0,1.0,0.0,0.0,0.0,1.0,0.1125643978422934,0.1598017918246226,0.033423667570009,0.0388428062140968,0.2980414013867385,0.4249790015947372,1
0.0,0.1071903064141794,0.098735210118319,0.2230889235569423,0.7435897435897436,0.0,1.0,1.0,1.0,0.0,0.0,0.0,0.1513788714467543,0.205264727179793,0.0430593194820837,0.0389683665337797,0.392260658508254,0.4939220791464698,1
0.3333333333333333,0.0741860347785133,0.0460076319389444,0.2137285491419656,0.7435897435897436,0.0,1.0,1.0,0.0,0.0,0.0,0.0,0.0790835808230801,0.053797333560506,0.0412526347485697,0.0644029506060612,0.3144404388425688,0.3489992359210823,1
0.0,0.6402198042447216,0.0,0.2854914196567862,0.7435897435897436,0.0,1.0,0.0,0.0,1.0,0.0,1.0,0.3590035759743014,0.4484530959378683,0.055103884372177,0.0209880025113531,0.8673377235618682,0.7149107641853854,1
0.3333333333333333,0.0416862870404624,0.0701994384044927,0.1622464898595944,0.7435897435897436,1.0,1.0,1.0,0.0,0.0,0.0,1.0,0.0847808958118673,0.0571339325013133,0.0313158687142426,0.0459766077759624,0.2125732613718471,0.3633884903634539,1
0.0,0.1082834415256792,0.0308877528979768,0.1419656786271451,0.7435897435897436,1.0,1.0,0.0,1.0,0.0,0.0,0.0,0.0834717255591248,0.1257258877482926,0.0274013851249623,0.040537221028752,0.3945349541182841,0.3601435525438607,1
0.0,0.0915500655881058,0.0540955672354621,0.1825273010920437,0.358974358974359,0.0,1.0,0.0,1.0,0.0,0.0,1.0,0.0972665010000606,0.1418835455978191,0.073170731707317,0.0986596564452856,0.3577737541621677,0.3926649625914318,1
0.0,0.0985293128384505,0.0527995776033791,0.1965678627145086,0.7435897435897436,1.0,1.0,1.0,0.0,0.0,0.0,0.0,0.099981817079823,0.1450639633116099,0.037940379403794,0.0490828120763428,0.3736332939704856,0.3986649174260881,1
0.6666666666666666,0.1010939759846615,0.0,0.2012480499219968,0.7435897435897436,1.0,0.0,0.0,0.0,0.0,0.0,1.0,0.0481241287350748,0.0194469291457833,0.038843721770551,0.0852522145162237,0.3792653985637728,0.2555118497222395,1
0.3333333333333333,0.1033643335239302,0.0,0.2277691107644306,0.0512820512820512,1.0,0.0,0.0,0.0,0.0,1.0,0.0,0.0494332989878174,0.0364328207749428,0.4640168623908461,1.0,0.3841681637582179,0.2601265858849682,1
0.0,0.3774469409034305,0.0399836801305589,0.3369734789391576,0.7435897435897436,1.0,0.0,0.0,0.0,0.0,0.0,0.0,0.2478695678525971,0.3182831423662876,0.065040650406504,0.0378630056587997,0.715087812662822,0.6170884750698322,1
0.6666666666666666,0.1167762604688697,0.0863993088055295,0.3229329173166926,0.7435897435897436,0.0,1.0,1.0,0.0,0.0,0.0,1.0,0.1444451178859324,0.0570534755055775,0.062330623306233,0.0602285411028299,0.4116641045429046,0.482729232174834,1
0.3333333333333333,0.3774469409034305,0.0,0.2277691107644306,0.7435897435897436,1.0,1.0,1.0,0.0,1.0,0.0,0.0,0.2074792411661312,0.1289914952222742,0.0439626618488407,0.0293100883032441,0.715087812662822,0.5716052739705786,1
0.6666666666666666,0.1489817025999784,0.0,0.1419656786271451,0.7435897435897436,1.0,1.0,1.0,0.0,0.0,0.0,1.0,0.0757379235105157,0.0302281665743777,0.0274013851249623,0.0437674271466458,0.4692504852733217,0.3402104671912793,1
0.0,0.0907091924254136,0.0,0.0967238689547582,0.7435897435897436,0.0,0.0,0.0,0.0,0.0,0.0,1.0,0.0421358870234559,0.0773097073731737,0.0186690755796446,0.0447296749226778,0.3558076724809598,0.2334322247439941,1
0.3333333333333333,0.0868832195351644,0.030719754241966,0.1747269890795632,0.7435897435897436,0.0,1.0,1.0,0.0,0.0,1.0,0.0,0.0709618764773622,0.0490409052831849,0.0337247816922613,0.0568540416758766,0.3467029975217808,0.3271926353770324,1
0.0,0.2126358010157727,0.0616555067559459,0.2698907956318253,0.7435897435897436,1.0,1.0,1.0,0.0,0.0,0.0,0.0,0.1747257409539972,0.2326106402010478,0.0520927431496537,0.0418292915339986,0.5590520730757658,0.5287644447444619,1
0.3333333333333333,0.2260897716188468,0.1739986080111359,0.266770670826833,0.7435897435897436,0.0,1.0,1.0,0.0,0.0,0.0,1.0,0.2959694526941026,0.1808152660050262,0.051490514905149,0.0240855161016543,0.5751370860176266,0.6634475399010022,1
0.3333333333333333,0.0883967912280103,0.0619915040679674,0.251170046801872,0.7435897435897436,1.0,1.0,1.0,0.0,0.0,1.0,0.0,0.1034244499666646,0.0680524200991041,0.0484793736826257,0.0615691846508459,0.3503365122745006,0.4061007547583664,1
0.0,0.1911094480508541,0.05140758873929,0.2589703588143525,0.7435897435897436,1.0,1.0,1.0,0.0,0.0,0.0,0.0,0.1519607248924177,0.2059462452613195,0.0499849442938873,0.0455670545923755,0.5314660334538162,0.4948423174161416,1
0.6666666666666666,0.0529119437624023,0.0,0.1622464898595944,0.7435897435897436,1.0,1.0,1.0,1.0,0.0,0.0,0.0,0.0203406267046487,0.0085994330148182,0.0313158687142426,0.106192224141646,0.251612316414346,0.1353581668279058,1
0.0,0.0338661666274256,0.0319197446420428,0.1419656786271451,0.7435897435897436,0.0,1.0,1.0,0.0,0.0,0.0,1.0,0.0416025213649312,0.0766849824651077,0.0274013851249623,0.0658217967978499,0.1821863864358746,0.2313830981519036,1
0.3333333333333333,0.1195931855638883,0.0,0.0826833073322932,0.7435897435897436,1.0,0.0,0.0,1.0,1.0,1.0,0.0,0.05879144190557,0.0419133620138859,0.0159590484793736,0.0305141512575379,0.4171449961338993,0.2911660860161835,1
1.0,0.0,1.0,0.53198127925117,0.358974358974359,1.0,0.0,0.0,0.0,0.0,0.0,1.0,1.0,0.290067583876418,0.2080698584763625,0.031337128145808,0.0,1.0,1
0.0,0.4194905990380371,0.0,0.1154446177847114,0.7435897435897436,1.0,1.0,0.0,0.0,1.0,0.0,1.0,0.2317231347354384,0.2993710156039244,0.0222824450466726,0.011343922829196,0.7449760367269738,0.5997376162220185,1
0.0,0.0569901786014592,0.0,0.0577223088923556,0.7435897435897436,1.0,0.0,0.0,0.0,0.0,0.0,0.0,0.0226922843808715,0.0545356448154931,0.0111412225233363,0.0379921303774049,0.2646719984664898,0.1476506149973691,1
0.0,0.1496964447882667,0.0,0.1606864274570983,0.7435897435897436,1.0,0.0,1.0,0.0,0.0,0.0,0.0,0.076150069701194,0.1171501185557496,0.0310147545919903,0.0494978061757739,0.4704158627246984,0.3413073807196269,1
1.0,0.0999587972150271,0.0599995200038399,0.1778471138845554,0.7435897435897436,0.0,1.0,1.0,0.0,0.0,0.0,0.0,0.1080792775319716,0.0288935269980548,0.034327009936766,0.0413878756693814,0.3767849687498863,0.4158659299277731,1
0.0,0.0609843261242468,0.0442316461468308,0.234009360374415,0.7435897435897436,1.0,1.0,1.0,0.0,0.0,0.0,0.0,0.0696769501181889,0.1095682298987661,0.04516711833785,0.0775079368333609,0.2769559664780665,0.3235901018017726,1
0.0,0.0601854966196893,0.0559915520675834,0.2683307332293291,0.7435897435897436,0.0,1.0,1.0,1.0,0.0,0.0,1.0,0.0810958239893326,0.1229430222487257,0.0517916290274013,0.0797012014743732,0.2745373667001138,0.3541618990741275,1
0.0,0.0728406377182058,0.0,0.0873634945397816,0.6153846153846154,1.0,1.0,0.0,1.0,0.0,0.0,0.0,0.0318322322565004,0.0652411580128068,0.020776874435411,0.0582476791107001,0.3108190171344391,0.191086575603923,1
0.0,0.8076796945948596,0.0,0.734789391575663,0.7435897435897436,1.0,1.0,0.0,0.0,0.0,0.0,0.0,0.4555670040608521,0.5615567008845538,0.1418247515808491,0.0478839861441209,0.9360833396857088,0.7796176934740227,1
0.0,0.201494231610102,0.0879832961336309,0.4711388455538221,0.7435897435897436,1.0,1.0,0.0,0.0,0.0,0.0,0.0,0.1948966604036608,0.2562366003606366,0.0909364649202047,0.0683894584157185,0.5450773210585962,0.5558743044108492,1
1.0,0.4825560862399469,0.0719994240046079,0.485179407176287,0.7435897435897436,1.0,1.0,0.0,0.0,0.0,0.0,0.0,0.340820655797321,0.0970453351507149,0.0936464920204757,0.0409309684227713,0.7850631759854192,0.7009633103907054,1
0.0,0.2698572197369723,0.0,0.2886115444617784,0.7435897435897436,1.0,0.0,0.0,0.0,1.0,0.0,0.0,0.145439117522274,0.1983075634308756,0.0557061126166817,0.0531875143992233,0.6223972245036209,0.4843600986137217,1
0.0,0.2092723083650042,0.0539995680034559,0.3993759750390016,0.7435897435897436,1.0,1.0,1.0,0.0,0.0,1.0,0.0,0.1650524274198436,0.2212804020956681,0.0770852152965974,0.0668508188271123,0.5548985156520168,0.5148235961411332,1
0.6666666666666666,0.1078630049443331,0.0,0.1575663026521061,0.7435897435897436,0.0,1.0,0.0,0.0,0.0,0.0,0.0,0.0520273955997333,0.0209708793003081,0.0304125263474856,0.0635454335180471,0.3936621759291254,0.2690628411525284,1
0.0,0.2790647808684511,0.0,0.1482059282371295,0.7435897435897436,0.0,1.0,1.0,1.0,0.0,0.0,1.0,0.1507485302139523,0.2045264159248058,0.0286058416139717,0.0249668465400811,0.6314934176585698,0.4929219060490171,1
1.0,1.0,0.0,0.547581903276131,0.7435897435897436,0.0,1.0,1.0,0.0,0.0,0.0,0.0,0.5664658464149398,0.1631192230693886,0.1056910569105691,0.027078265803488,1.0,0.8397793598102763,1
0.0,0.3949371026874268,0.0,0.2776911076443057,0.7435897435897436,0.0,1.0,0.0,0.0,1.0,0.0,1.0,0.217564700890963,0.2827874089534438,0.0535983137609153,0.0348507796156444,0.7278690708024471,0.5836356551540227,1
1.0,0.1777395647640492,0.0,0.1326053042121685,0.7435897435897436,1.0,1.0,1.0,0.0,0.0,0.0,1.0,0.0923207467119219,0.0242790816543851,0.0255947003914483,0.0347414923417931,0.5130245396449027,0.3814128710768791,1
0.0,0.1624777168611871,0.0,0.1934477379095164,0.7435897435897436,1.0,1.0,1.0,1.0,0.0,0.0,0.0,0.0835202133462634,0.1257826809217532,0.0373381511592893,0.0557697665142696,0.4905560575939223,0.3602643737432194,1
0.0,0.2653165046584347,0.0,0.1731669266770671,0.7435897435897436,1.0,1.0,0.0,1.0,0.0,0.0,0.0,0.1428207770167888,0.1952407320640059,0.033423667570009,0.0312623805842124,0.6178123841902594,0.4800446097915407,1
1.0,0.1248486428307142,0.0,0.1825273010920437,0.358974358974359,1.0,1.0,1.0,1.0,0.0,0.0,1.0,0.0618219286017334,0.0153483551277136,0.073170731707317,0.1368789165038373,0.4271213114673911,0.3005563099641737,1
0.0,0.0999587972150271,0.0,0.1341653666146646,0.7435897435897436,1.0,0.0,0.0,1.0,0.0,0.0,0.0,0.0474695436087035,0.0835569564538342,0.0258958145137006,0.0574097750093772,0.3767849687498863,0.2531771408982837,1
0.3333333333333333,0.1370833473478847,0.0719994240046079,0.2542901716068643,0.1538461538461538,1.0,1.0,1.0,0.0,0.0,0.0,0.0,0.1416085823383235,0.0904147321491956,0.2192540973028778,0.222904444031387,0.4491858538404241,0.4780251288300898,1
0.0,0.1051301671655837,0.0775193798449612,0.2230889235569423,0.7435897435897436,0.0,1.0,1.0,1.0,0.0,0.0,0.0,0.1287593187465907,0.1787707117604464,0.0430593194820837,0.0451395453302134,0.387929127753428,0.455723548165174,1
0.0,0.2302941374323074,0.0,0.1497659906396256,0.7435897435897436,0.0,1.0,0.0,0.0,0.0,0.0,0.0,0.1226256136735559,0.1715863753176868,0.028906955736224,0.0307868676191329,0.5799990283838112,0.444452723671469,1
0.6666666666666666,0.0974361777269507,0.0410396716826265,0.2199687987519501,0.7435897435897436,0.0,1.0,1.0,0.0,0.0,0.0,0.0,0.0874719679980604,0.0348094825668621,0.042457091237579,0.0613889689932291,0.3712016342989717,0.3699486656154551,1
0.6666666666666666,0.2358859439642102,0.0,0.1825273010920437,0.7435897435897436,0.0,1.0,1.0,0.0,1.0,0.0,0.0,0.1258500515182738,0.0497934148315372,0.035230352303523,0.0372060073384484,0.5863507778757571,0.4504313187937252,1
0.0,0.7865317345531524,0.1263829889360885,0.875195007800312,0.7435897435897436,1.0,1.0,1.0,0.0,0.0,0.0,0.0,0.5710406691314625,0.6968096434808537,0.1689250225835591,0.0458061357229478,0.9281888573933026,0.8420160841162176,1
0.0,0.1348550334667506,0.0,0.1606864274570983,0.7435897435897436,1.0,0.0,0.0,0.0,0.0,1.0,0.0,0.0675919752712285,0.1071261234399625,0.0310147545919903,0.0541040034174938,0.4452811359291591,0.3176492759392677,1
0.0,0.0349172580807907,0.0681594547243622,0.1638065522620904,0.7435897435897436,1.0,1.0,0.0,0.0,0.0,0.0,0.0,0.0788168979938178,0.1202737430960798,0.031616982836495,0.049166597804498,0.1864460145618807,0.3483082005846878,1
0.6666666666666666,0.0784744879082431,0.0,0.0561622464898595,0.358974358974359,0.0,1.0,1.0,1.0,0.0,0.0,1.0,0.0350809139947875,0.014354474592154,0.024390243902439,0.0646632163021014,0.3257122929327893,0.205104897037307,1
0.0,0.1082413978675446,0.0517675858593131,0.171606864274571,0.7435897435897436,0.0,1.0,1.0,0.0,0.0,0.0,0.0,0.1045396690708527,0.1504025216169016,0.0331225534477567,0.0410125128606814,0.3944477855281634,0.4084699254873341,1
0.0,0.0796517103360121,0.0128638970888232,0.0889235569422776,0.7435897435897436,1.0,1.0,1.0,1.0,0.0,0.0,0.0,0.0487544699678768,0.0850619755505388,0.017163504968383,0.0374722619974959,0.328736943328189,0.2577427675615698,1
0.0,0.0663238707073418,0.0412076703386372,0.140405616224649,0.6153846153846154,1.0,0.0,0.0,0.0,1.0,1.0,0.0,0.0697011940117582,0.1095966264854964,0.0330623306233062,0.0564564952487054,0.2926603332057547,0.3236584827092748,1
0.0,0.0981929635733736,0.0,0.1107644305772231,0.0512820512820512,1.0,1.0,0.0,1.0,0.0,1.0,0.0,0.0464513000787926,0.0823642998111627,0.2381812707015959,0.5323847952113613,0.3728870973044396,0.2495082627033111,1
1.0,0.1012201069590653,0.0299997600019199,0.1856474258970359,0.7435897435897436,0.0,1.0,1.0,0.0,0.0,1.0,0.0,0.0785017273774168,0.0202325680453209,0.0358325805480277,0.0560755068846795,0.3795397946736876,0.3474894311667147,1
0.0,0.1083675288419484,0.0,0.1107644305772231,0.7435897435897436,1.0,1.0,0.0,0.0,0.0,0.0,1.0,0.0523183223225649,0.0892362737998892,0.0213791026799156,0.0444929240149635,0.394709218641212,0.2700483719042075,1
0.3333333333333333,0.0663238707073418,0.0,0.2355694227769111,0.7435897435897436,1.0,0.0,0.0,0.0,0.0,0.0,1.0,0.0280744287532577,0.0239241243202567,0.0454682324601023,0.1332927260161196,0.2926603332057547,0.1739946831575531,1
0.0,0.1058028656957374,0.0330237358101135,0.0717628705148206,0.7435897435897436,1.0,1.0,1.0,0.0,0.0,0.0,0.0,0.084199042366204,0.1265777853502009,0.0138512496236073,0.019576034993099,0.3893500942218861,0.3619506981026008,1
0.3333333333333333,0.0485814469745378,0.0,0.0889235569422776,0.6153846153846154,0.0,1.0,1.0,0.0,1.0,0.0,0.0,0.0178435056670101,0.0179324445201686,0.0211382113821138,0.0764327737466046,0.2371223349140572,0.1217194468454732,1
0.0,0.0176373145874674,0.0,0.0405616224648986,0.7435897435897436,1.0,1.0,0.0,1.0,0.0,0.0,1.0,0.0,0.0279564396359557,0.0078289671785606,0.0491222087541542,0.1078057615634731,0.0,1
0.0,0.0860423463724723,0.0,0.0967238689547582,1.0000000000000002,1.0,1.0,0.0,0.0,0.0,0.0,1.0,0.0394448148372628,0.0741576862461132,0.0133242999096657,0.0334906025060226,0.3446660367971845,0.2229451410141596,1
0.0,0.0465633513840767,0.1599827201382389,0.095163806552262,0.358974358974359,1.0,1.0,1.0,0.0,0.0,1.0,0.0,0.1782895933086853,0.2367849384503982,0.0394459500150557,0.0302504028327388,0.230133989982658,0.5337389883199588,1
1.0,0.1643276378191098,0.0,0.1856474258970359,0.7435897435897436,1.0,1.0,1.0,1.0,0.0,1.0,0.0,0.0845869446633129,0.0220144538626457,0.0358325805480277,0.0529310701372463,0.4933668150632253,0.3629100040403732,1
0.3333333333333333,0.3213607009518653,0.1195910432716538,0.5725429017160687,0.7435897435897436,0.0,1.0,1.0,0.0,1.0,0.0,0.0,0.2959452088005333,0.180801067711661,0.1105088828666064,0.0565213063474649,0.6701888389133512,0.6634259152124757,1
0.0,0.2183537385220792,0.0,0.1934477379095164,0.7435897435897436,1.0,1.0,0.0,1.0,0.0,0.0,0.0,0.1157403478998727,0.1635217446862887,0.0373381511592893,0.0426277107825655,0.5659892629540177,0.4312660078904513,1
0.0,0.3074022064511759,0.0,0.2355694227769111,0.7435897435897436,1.0,1.0,1.0,0.0,0.0,1.0,0.0,0.1670889144796654,0.2236657153810112,0.0454682324601023,0.0376634529060381,0.6579388639348114,0.517813727792539,1
0.6666666666666666,0.0149465204668526,0.0451436388508891,0.2464898595943837,0.7435897435897436,1.0,0.0,1.0,0.0,0.0,0.0,1.0,0.0440511546154312,0.0178567202888879,0.0475760313158687,0.1100387095335937,0.0935694900346977,0.240675367717523,1
0.6666666666666666,0.0716213716323023,0.0,0.1513260530421216,0.7435897435897436,0.0,1.0,1.0,0.0,1.0,1.0,0.0,0.0311291593429904,0.012811593379809,0.0292080698584763,0.0821271123267872,0.3075005840416489,0.1879630947539232,1
0.0,0.1672286502303976,0.0,0.1466458658346334,0.7435897435897436,0.0,0.0,0.0,0.0,0.0,1.0,0.0,0.0862597733195951,0.1289914952222742,0.0283047274917193,0.0408289669671767,0.4977244808073626,0.3670116644089622,1
0.0,0.1724420638390888,0.0,0.1794071762870515,0.7435897435897436,0.0,1.0,0.0,0.0,0.0,0.0,0.0,0.0892660161221892,0.1325126719768284,0.0346281240590183,0.0489595875103887,0.5054066184520591,0.3742424896657392,1
0.0,0.0342025158925024,0.8120815033479732,0.126365054602184,0.7435897435897436,1.0,1.0,0.0,0.0,0.0,0.0,1.0,0.8298927207709558,1.0,0.024390243902439,0.0,0.1835557728955286,0.9470002878136698,1
0.3333333333333333,0.068552184588476,0.0359997120023039,0.1622464898595944,0.358974358974359,0.0,1.0,1.0,1.0,0.0,0.0,0.0,0.0657251954663919,0.0459740739163152,0.0653417645287564,0.117211538241792,0.2989884432569645,0.312226769552332,1
0.6666666666666666,0.0778017893780894,0.0449276405788753,0.1918876755070203,0.7435897435897436,0.0,1.0,1.0,0.0,0.0,1.0,0.0,0.0800775804594217,0.0319224962492841,0.037037037037037,0.0571332770097677,0.323970732047325,0.3515607534515736,1
0.0,0.1847608556725286,0.0,0.2090483619344774,1.0000000000000002,0.0,0.0,0.0,0.0,0.0,0.0,1.0,0.0963694769379962,0.1408328718887989,0.0295844625112917,0.0390193321871559,0.5228442907300765,0.3906557286571459,1
0.0,0.1496964447882667,0.0,0.1934477379095164,0.7435897435897436,0.0,0.0,0.0,0.0,1.0,1.0,0.0,0.076150069701194,0.1171501185557496,0.0373381511592893,0.0598470701625702,0.4704158627246984,0.3413073807196269,1
0.0,0.1985932191988141,0.0,0.3837753510140405,0.7435897435897436,1.0,1.0,1.0,0.0,0.0,0.0,1.0,0.1043457179222983,0.1501753489230594,0.074074074074074,0.0945356217982237,0.5413340639027844,0.4080592594232981,1
0.0,0.0835617705425305,0.0752633978928168,0.1825273010920437,0.7435897435897436,0.0,1.0,1.0,1.0,0.0,0.0,1.0,0.1140432753500212,0.1615339836151694,0.035230352303523,0.0406056790427429,0.3385787421670545,0.4279232067498451,1
0.6666666666666666,0.1420024553496336,0.0,0.1840873634945398,0.7435897435897436,0.0,1.0,1.0,0.0,0.0,1.0,0.0,0.0717134371780107,0.0286568887753025,0.0355314664257753,0.0594932462996449,0.4576373415489172,0.329279575708103,1
1.0,0.125184992095791,0.1859985120119039,0.438377535101404,0.7435897435897436,1.0,1.0,1.0,0.0,0.0,1.0,0.0,0.2499060549124189,0.070423535091082,0.0846130683529057,0.0500459921142032,0.4277491174847649,0.6192061780056379,1
0.0,0.10071558306145,0.0,0.1965678627145086,0.7435897435897436,1.0,0.0,0.0,0.0,0.0,0.0,0.0,0.047905933692951,0.0840680950149792,0.037940379403794,0.0835093073680804,0.3784407666763152,0.2547356635413669,1
1.0,0.0901626248696638,0.0959992320061439,0.266770670826833,0.6153846153846154,0.0,1.0,1.0,0.0,0.0,1.0,0.0,0.1387962906842839,0.0378881458448694,0.062330623306233,0.0623718293153218,0.3545230773295564,0.4732860266714951,1
0.0,0.4615342571726436,0.0,0.2418096723868954,0.7435897435897436,1.0,1.0,0.0,0.0,0.0,1.0,0.0,0.2559670283047457,0.3277676023341994,0.0466726889491117,0.0251693149273206,0.7722618475074761,0.6254204324990087,1
0.0,0.0550982139854019,0.0348237214102287,0.1450858034321373,1.0000000000000002,0.0,1.0,0.0,1.0,0.0,0.0,1.0,0.0567791987393175,0.0944612457582598,0.0203252032520325,0.0399632484820086,0.2586809416815008,0.2847617585969022,1
0.3333333333333333,0.0625399414752272,0.0475916192670458,0.2043681747269891,0.358974358974359,1.0,1.0,1.0,1.0,0.0,0.0,1.0,0.0739681192799563,0.050801493660462,0.0816019271303824,0.135056021516428,0.2816130029135446,0.3354532979707816,1
0.3333333333333333,0.1555825569271116,0.0,0.1123244929797191,0.7435897435897436,1.0,0.0,0.0,0.0,0.0,1.0,0.0,0.079544214800897,0.0540671011344436,0.021680216802168,0.0330370473591515,0.479851876616074,0.3501890450069309,1
0.3333333333333333,0.3059727220745993,0.0,0.2230889235569423,0.6153846153846154,0.0,1.0,1.0,0.0,0.0,1.0,0.0,0.1662646220983089,0.1048543965015405,0.0522131887985546,0.0439365879060406,0.6566569063923713,0.5166070830531817,1
0.0,0.0831413339611844,0.0399836801305589,0.1419656786271451,1.0000000000000002,0.0,1.0,1.0,1.0,0.0,0.0,1.0,0.0781623128674465,0.1195070352543624,0.019873532068654,0.0306059052763977,0.3375351837965574,0.3466051320668599,1
0.6666666666666666,0.326952507483768,0.0,0.3884555382215288,0.7435897435897436,0.0,1.0,1.0,0.0,0.0,0.0,1.0,0.1783623249893932,0.0702957504507958,0.074977416440831,0.0605274099720053,0.6749650362657573,0.5338396417517655,1
0.0,0.0867991322188952,0.0530395756833945,0.1981279251170047,0.7435897435897436,0.0,1.0,1.0,0.0,0.0,1.0,0.0,0.0934602097096793,0.1374252814811659,0.0382414935260463,0.0522911780029499,0.3464998958301346,0.3840435532743216,1
0.0,0.0825947664054346,0.0,0.1232449297971919,0.7435897435897436,0.0,1.0,0.0,0.0,0.0,1.0,0.0,0.0374568155645796,0.0718291661342306,0.0237880156579343,0.060842448701833,0.3361733453401787,0.2149513805889311,1
0.0,0.0375660085432709,0.1215110279117767,0.0904836193447738,0.7435897435897436,1.0,1.0,0.0,0.0,0.0,0.0,0.0,0.1342384386932541,0.1851883403614885,0.0174646190906353,0.0159848445173179,0.1969304652543915,0.4654400616897045,1
0.3333333333333333,0.2618268810332624,0.0400076799385604,0.1575663026521061,0.7435897435897436,0.0,1.0,1.0,0.0,0.0,0.0,1.0,0.1812231044305715,0.1136147435078303,0.0304125263474856,0.0221638379555966,0.6142427252543565,0.5377716946998299,1
0.0,0.1076527866536601,0.0,0.1357254290171607,0.7435897435897436,1.0,1.0,0.0,0.0,0.0,0.0,1.0,0.0519061761318867,0.0887535318254745,0.026196928635953,0.0548169287107258,0.3932248742253783,0.268651230172547,1
0.0,0.0200758467592746,0.0431996544027647,0.1466458658346334,0.7435897435897436,0.0,0.0,0.0,0.0,0.0,1.0,0.0,0.0450451542517728,0.0807172977808067,0.0283047274917193,0.0647975427729354,0.1201718519410985,0.2443655556272177,1
0.0,0.0468997006491536,0.0,0.140405616224649,0.7435897435897436,0.0,0.0,0.0,0.0,0.0,1.0,0.0,0.0168737499242378,0.0477204640002271,0.02710027100271,0.0988862789601952,0.231309582740661,0.116248183875355,1
0.3333333333333333,0.4968929736638477,0.2632298941608467,0.5304212168486739,0.7435897435897436,1.0,1.0,1.0,0.0,0.0,1.0,0.0,0.5422631674646948,0.3250557283014582,0.1023788015657934,0.0274090723833631,0.7935032773556538,0.8276556140890556,1
0.3333333333333333,0.0360524368504251,0.0,0.0811232449297972,0.7435897435897436,1.0,1.0,1.0,0.0,0.0,0.0,0.0,0.0106188253833565,0.0137013530973576,0.0156579343571213,0.067586212023821,0.190982339594655,0.0782900969778062,1
1.0,0.1889231778278546,0.2711978304173567,0.7581903276131046,0.7435897435897436,0.0,1.0,1.0,0.0,0.0,1.0,0.0,0.3727256197345293,0.1063878121849753,0.1463414634146341,0.0607865562405252,0.528523639429106,0.7250166361237764,1
0.0,0.2209184016682902,0.0,0.1700468018720749,0.7435897435897436,0.0,1.0,0.0,0.0,0.0,0.0,0.0,0.1172192254076004,0.1652539364768354,0.0328214393255043,0.0367607457315372,0.5690516308524658,0.43414846693633,1
1.0,0.1050881235074491,0.0,0.1123244929797191,0.358974358974359,1.0,1.0,1.0,1.0,0.0,0.0,0.0,0.050427298624159,0.0120117561869063,0.046070460704607,0.0981898045080705,0.3878401031961407,0.2635828051896842,1
0.3333333333333333,1.0,0.0,0.391575663026521,0.7435897435897436,1.0,1.0,1.0,0.0,0.0,1.0,0.0,0.5664658464149398,0.3392298845678781,0.0755796446853357,0.0179736729634989,1.0,0.8397793598102763,1
0.3333333333333333,0.0,0.0725274197806417,0.1575663026521061,0.7435897435897436,1.0,1.0,1.0,0.0,1.0,0.0,1.0,0.063094733014122,0.0444335590861978,0.0304125263474856,0.0557299433622963,0.0,0.3044128259115393,1
0.0,0.1496964447882667,0.0,0.1170046801872075,0.7435897435897436,1.0,0.0,1.0,0.0,0.0,0.0,0.0,0.076150069701194,0.1171501185557496,0.022583559168925,0.0356987875267123,0.4704158627246984,0.3413073807196269,1
0.0,0.1146740775621394,0.1139990880072959,0.2605304212168486,0.7435897435897436,1.0,1.0,0.0,0.0,0.0,0.0,1.0,0.1711134008121704,0.2283795487782368,0.0502860584161397,0.0410681132370161,0.4075105471191551,0.5236351814122,1
1.0,0.0682999226396683,0.0380876952984376,0.2558502340093603,0.7435897435897436,1.0,1.0,1.0,1.0,0.0,0.0,0.0,0.0676889508455057,0.0170663486248952,0.0493827160493827,0.0865876156394872,0.2982784301213335,0.3179282610128844,1
1.0,0.0809130200800503,0.0399356805145558,0.095163806552262,0.358974358974359,0.0,1.0,1.0,1.0,0.0,0.0,1.0,0.0768288987211346,0.0197427269242237,0.0394459500150557,0.0628778565726411,0.3319455900216783,0.3431052225201121,1
0.0,0.139185530254615,0.0588235294117647,0.1575663026521061,0.7435897435897436,1.0,0.0,1.0,0.0,0.0,0.0,1.0,0.1295108794472392,0.1796510059490849,0.0304125263474856,0.0309241376165865,0.4528255070578919,0.4570754234341958,1
0.0,0.1672286502303976,0.0609835121319029,0.2215288611544462,1.0000000000000002,1.0,0.0,0.0,0.0,0.0,0.0,0.0,0.1478635068792048,0.2011472221039031,0.0313911472448057,0.0282212203010618,0.4977244808073626,0.4883004346085875,1
0.3333333333333333,0.1199295348289652,0.0,0.0904836193447738,0.7435897435897436,1.0,1.0,1.0,0.0,0.0,0.0,1.0,0.0589853930541244,0.042026948360807,0.0174646190906353,0.0333537174357441,0.4177930748991829,0.2917760912674731,1
1.0,0.0846549056540303,0.0600955192358461,0.2324492979719189,0.7435897435897436,0.0,1.0,1.0,0.0,0.0,1.0,0.0,0.099351475847021,0.02633783419233,0.0448660042155977,0.0587167817990131,0.3412758524168287,0.3972829014250387,1
0.0,0.2905426995391987,0.0,0.4149765990639625,0.7435897435897436,1.0,1.0,1.0,0.0,0.0,0.0,1.0,0.1573671131583732,0.2122786841021709,0.0800963565191207,0.0725969548731769,0.6424750820011815,0.5032584164791349,1
0.6666666666666666,0.0242802125727353,0.4799961600307197,0.3588143525741029,0.7435897435897436,1.0,1.0,1.0,0.0,1.0,0.0,1.0,0.4887084065700952,0.1914639860288793,0.0692562481180367,0.019292762813005,0.1404104223067079,0.7989151805081707,1
0.3333333333333333,0.1506634489253626,0.0,0.1123244929797191,0.7435897435897436,1.0,0.0,0.0,1.0,0.0,0.0,0.0,0.076707679253288,0.0524059008107225,0.021680216802168,0.034020988294066,0.4719856879687483,0.3427849814277106,1
0.0,0.1321642393461357,0.0,0.1669266770670827,0.7435897435897436,0.0,0.0,0.0,0.0,0.0,1.0,0.0,0.0660403660827929,0.1053087418892249,0.0322192110809997,0.0571913197967565,0.4405002677081904,0.3131492755122549,1
0.0,0.2133084995459264,0.0,0.3260530421216848,0.7435897435897436,0.0,1.0,1.0,1.0,0.0,0.0,0.0,0.1128310806715558,0.1601141542786557,0.0629328515507377,0.0750720068078128,0.5598762233554933,0.4255120988655063,1
0.0,0.1146740775621394,0.0,0.1622464898595944,1.0000000000000002,1.0,1.0,0.0,0.0,0.0,0.0,1.0,0.055954906357961,0.0934957618094305,0.0228093947606142,0.0453461742863659,0.4075105471191551,0.2820976443280769,1
0.3333333333333333,0.1274133059769252,0.0582235342117263,0.2324492979719189,0.7435897435897436,0.0,1.0,0.0,1.0,1.0,0.0,1.0,0.1221164919086005,0.0789993042836251,0.0448660042155977,0.0493811231856318,0.4318768852789145,0.4434975660609894,1
0.0,0.0621195048938812,0.0,0.1357254290171607,1.0000000000000002,1.0,1.0,0.0,0.0,0.0,1.0,0.0,0.025650039396327,0.0580000283965867,0.018970189701897,0.0593495169758526,0.2803611489519029,0.1624180548473459,1
0.0,0.0862525646631453,0.0431996544027647,0.1778471138845554,0.7435897435897436,0.0,1.0,1.0,1.0,0.0,1.0,0.0,0.0832050427298624,0.1254135252942596,0.034327009936766,0.0512997311958874,0.3451765187607019,0.3594781504698647,1
0.0,0.0,0.0431996544027647,0.1965678627145086,0.7435897435897436,1.0,1.0,1.0,0.0,0.0,0.0,0.0,0.0334686950724286,0.0671579276171004,0.037940379403794,0.1023306045805103,0.0,0.1982312426882457,1
0.0,0.0593866671151317,0.0,0.1029641185647426,0.7435897435897436,1.0,1.0,0.0,0.0,0.0,0.0,1.0,0.024074186314322,0.0561542502591188,0.019873532068654,0.063868579410984,0.2720999680443965,0.1546422041245931,1
0.0,0.0936522484948361,0.0,0.251170046801872,0.7435897435897436,1.0,1.0,1.0,0.0,0.0,0.0,0.0,0.0438329595733074,0.079297468444293,0.0484793736826257,0.1124440768506308,0.3626356965283519,0.2398591141098531,1
0.6666666666666666,0.1335937237227124,0.0343197254421964,0.187207488299532,0.7435897435897436,1.0,1.0,1.0,1.0,0.0,0.0,0.0,0.1015334262682586,0.0402994893347153,0.03613369467028,0.0460530410089602,0.4430491763223054,0.4020394872120323,1
0.0,0.1321642393461357,0.0,0.1388455538221528,0.7435897435897436,0.0,1.0,0.0,0.0,0.0,1.0,0.0,0.0660403660827929,0.1053087418892249,0.0267991568804576,0.0474325905906347,0.4405002677081904,0.3131492755122549,1
0.0,0.197752346036122,0.1102791177670578,0.3884555382215288,0.7435897435897436,1.0,1.0,1.0,0.0,0.0,1.0,0.0,0.2152615310018789,0.2800897332140676,0.074977416440831,0.0507613521759243,0.5402406562366666,0.5809312153767765,1
0.0,0.2111642729810615,0.0,0.1653666146645866,0.7435897435897436,0.0,1.0,0.0,1.0,0.0,0.0,0.0,0.1115946420995211,0.1586659283554116,0.0319180969587473,0.0372693777091191,0.5572416573202861,0.4230323090584109,1
